-1.0,0.0,0.0,1.0,0.0,0.0,0.0,0.0,0.0,0.0,0.0,0.0,4.791592121124268,5.182329177856445,3.0565176010131836,7.713871955871582
-0.9994752645725384,0.0005092182545922697,0.00034033352858386934,1.0005089738988318,0.0018889233469963074,0.001739384839311242,0.026236772537231445,0.02546091191470623,0.01701667718589306,0.025448696687817574,0.09444616734981537,0.08696924149990082,2.439354419708252,5.535066604614258,0.5414454936981201,5.906852722167969
-0.9987588285002857,0.0015894633252173662,0.0008655980345793068,1.0012180528137833,0.004268000368028879,0.002771934261545539,0.03582180663943291,0.05401225760579109,0.026263225823640823,0.03545394912362099,0.11895385384559631,0.05162747576832771,7.724546432495117,7.902905464172363,5.126443862915039,8.248193740844727
-0.9971956482622772,0.0036585903726518154,0.0014626506017521024,1.002772674197331,0.007753415964543819,0.0038120499812066555,0.07815901190042496,0.10345635563135147,0.029852626845240593,0.07773107290267944,0.17427079379558563,0.052005790174007416,4.240875720977783,10.0,4.108041763305664,10.0
-0.9950885772705078,0.0070555671118199825,0.002048478927463293,1.0048825768753886,0.012585031799972057,0.004920467734336853,0.10535355657339096,0.16984884440898895,0.029291415587067604,0.10549512505531311,0.2415807992219925,0.0554208904504776,10.0,10.0,10.0,10.0
-0.9916632892563939,0.011757789179682732,0.002646839478984475,1.0083083882927895,0.018685251474380493,0.005920540075749159,0.1712643951177597,0.2351110875606537,0.029918033629655838,0.1712905615568161,0.30501094460487366,0.05000362545251846,10.0,10.0,10.0,10.0
-0.9869198063388467,0.017768189311027527,0.003254149341955781,1.0130502609536052,0.026060281321406364,0.006826966535300016,0.2371741384267807,0.30052000284194946,0.03036549501121044,0.23709365725517273,0.36875149607658386,0.045321326702833176,10.0,10.0,10.0,10.0
-0.9808583129197359,0.025090066716074944,0.0038671300280839205,1.0191084407269955,0.03471939265727997,0.007661608979105949,0.3030746877193451,0.3660939037799835,0.030649039894342422,0.3029089570045471,0.4329555630683899,0.04173211753368378,10.0,6.793971061706543,10.0,9.618236541748047
-0.9734767023473978,0.032908543944358826,0.005068004131317139,1.0264801625162363,0.04495912045240402,0.008915143087506294,0.3690805435180664,0.3909239172935486,0.06004370376467705,0.36858612298965454,0.5119864344596863,0.06267669796943665,10.0,10.0,10.0,10.0
-0.9647761024534702,0.042061179876327515,0.006246897391974926,1.0351667664945126,0.05654297396540642,0.010234693996608257,0.435030072927475,0.45763182640075684,0.058944668620824814,0.4343302845954895,0.5791926980018616,0.0659775659441948,10.0,9.68376350402832,6.685659885406494,7.259369850158691
-0.9549703672528267,0.052784647792577744,0.006969325244426727,1.0449480079114437,0.06866134703159332,0.01084515918046236,0.49028682708740234,0.5361734628677368,0.036121390759944916,0.48906201124191284,0.6059187650680542,0.030523240566253662,10.0,10.0,3.9115195274353027,10.0
-0.9442438706755638,0.06484528630971909,0.007674579508602619,1.0556396543979645,0.08219558745622635,0.011675947345793247,0.5363248586654663,0.6030318737030029,0.03526270389556885,0.5345823764801025,0.6767118573188782,0.04153939709067345,10.0,10.0,7.831066131591797,10.0
-0.9323542192578316,0.0782204270362854,0.008382809348404408,1.0675167590379715,0.09704049676656723,0.012491489760577679,0.5944826006889343,0.6687570214271545,0.03541150689125061,0.5938552618026733,0.7422455549240112,0.040777143090963364,10.0,8.367928504943848,10.0,10.0
-0.9191487058997154,0.0924728512763977,0.009425366297364235,1.0807119607925415,0.11339223384857178,0.013570946641266346,0.6602757573127747,0.7126213312149048,0.05212783440947533,0.6597601175308228,0.8175867199897766,0.05397282913327217,10.0,10.0,10.0,9.455554008483887
-0.9046245440840721,0.10811977088451385,0.010351365432143211,1.0952231138944626,0.1309042125940323,0.014518181793391705,0.7262080311775208,0.7823460698127747,0.04629994556307793,0.7255576848983765,0.8755993247032166,0.04736176133155823,10.0,10.0,10.0,10.0
-0.8887815475463867,0.1250917911529541,0.011270451359450817,1.1110494583845139,0.14974313974380493,0.015494012273848057,0.7921496629714966,0.8486011624336243,0.04595428332686424,0.791317343711853,0.9419462084770203,0.04879153519868851,8.895886421203613,9.752399444580078,10.0,10.0
-0.8716945797204971,0.14331947267055511,0.012235114350914955,1.1281206756830215,0.16991916298866272,0.016497576609253883,0.8543487191200256,0.9113837480545044,0.04823315888643265,0.853560745716095,1.0088012218475342,0.05017823725938797,9.838298797607422,9.263847351074219,10.0,10.0
-0.8532950729131699,0.16266995668411255,0.01334623247385025,1.1464921981096268,0.1914977878332138,0.0176237802952528,0.919975221157074,0.9675242304801941,0.05555589869618416,0.9185760617256165,1.0789313316345215,0.056310150772333145,10.0,8.849687576293945,10.0,10.0
-0.8335734754800797,0.18303360044956207,0.014685893431305885,1.1661755442619324,0.21453772485256195,0.01896193064749241,0.9860802292823792,1.0181820392608643,0.06698305159807205,0.9841675162315369,1.1519969701766968,0.06690750271081924,10.0,8.559135437011719,9.972919464111328,9.834794998168945
-0.8125306665897369,0.2043546885251999,0.016279423609375954,1.187168076634407,0.23903173208236694,0.02053152583539486,1.0521408319473267,1.0660547018051147,0.0796765387058258,1.0496265888214111,1.2247004508972168,0.07847971469163895,5.871866703033447,1.445389747619629,10.0,10.0
-0.7904212772846222,0.2247093766927719,0.019601911306381226,1.209182620048523,0.26591840386390686,0.023667648434638977,1.1054697036743164,1.017734408378601,0.16612443327903748,1.1007269620895386,1.344333291053772,0.1568060964345932,8.710923194885254,4.17466926574707,10.0,10.0
-0.7670357525348663,0.24485573172569275,0.024060193449258804,1.2323826253414154,0.29493045806884766,0.028039800003170967,1.169276475906372,1.0073175430297852,0.22291406989097595,1.1600004434585571,1.4506028890609741,0.2186076045036316,10.0,10.0,10.0,9.46776294708252
-0.7423109412193298,0.2664146423339844,0.02838047221302986,1.2568765580654144,0.3251565396785736,0.03239878639578819,1.2362406253814697,1.0779448747634888,0.21601396799087524,1.2246960401535034,1.511303424835205,0.21794939041137695,10.0,9.236565589904785,10.0,10.0
-0.7162456512451172,0.2890922725200653,0.03285292536020279,1.2826635539531708,0.3568051755428314,0.03692515939474106,1.3032647371292114,1.133880853652954,0.2236226499080658,1.2893503904342651,1.582431674003601,0.2263186275959015,10.0,10.0,4.755207061767578,7.284250259399414
-0.6891920268535614,0.3133986294269562,0.0368325300514698,1.3094100952148438,0.3890034556388855,0.04076215624809265,1.3526816368103027,1.215317726135254,0.1989801973104477,1.3373266458511353,1.6099135875701904,0.19184988737106323,10.0,10.0,4.939618110656738,5.769254207611084
-0.6611718535423279,0.33954331278800964,0.04001171886920929,1.3371620774269104,0.4213889539241791,0.043695561587810516,1.4010084867477417,1.3072335720062256,0.15895946323871613,1.3875994682312012,1.6192749738693237,0.14667023718357086,8.506682395935059,8.569543838500977,4.953817367553711,4.6140851974487305
-0.632291704416275,0.3673110604286194,0.04243732616305351,1.3658308386802673,0.4538491666316986,0.04579780623316765,1.4440079927444458,1.3883873224258423,0.12128040939569473,1.4334386587142944,1.6230109930038452,0.10511231422424316,6.988729000091553,7.565274238586426,4.721368789672852,3.7103536128997803
-0.6026709675788879,0.3965715169906616,0.04411308094859123,1.3953039646148682,0.48628947138786316,0.047125305980443954,1.4810370206832886,1.463023066520691,0.08378781378269196,1.4736570119857788,1.6220155954360962,0.06637492030858994,5.563885688781738,6.775646209716797,4.212673664093018,2.9738223552703857
-0.5724397003650665,0.4272240102291107,0.045038849115371704,1.4254558384418488,0.5186241865158081,0.04770723730325699,1.5115628242492676,1.5326240062713623,0.046288471668958664,1.5075942277908325,1.6167359352111816,0.02909659966826439,4.311959266662598,6.055258274078369,3.435023784637451,2.341750144958496
-0.5417321622371674,0.45916685461997986,0.04522709921002388,1.4561526477336884,0.5507829189300537,0.04756827652454376,1.5353776216506958,1.5971423387527466,0.009412437677383423,1.5348411798477173,1.6079360246658325,-0.006948032882064581,-3.818880558013916,8.461298942565918,4.707429885864258,-3.4226784706115723
-0.5110959410667419,0.4938628077507019,0.04298149421811104,1.4870481491088867,0.580695390701294,0.04468128830194473,1.5318118333816528,1.734797477722168,-0.11228027194738388,1.5447748899459839,1.4956250190734863,-0.14434945583343506,-10.0,-3.4577722549438477,5.689455986022949,-2.616089344024658
-0.4807487726211548,0.528102695941925,0.04080937057733536,1.5176658630371094,0.6102051734924316,0.04175034165382385,1.5173580646514893,1.7119953632354736,-0.10860619693994522,1.5308864116668701,1.4754893779754639,-0.14654725790023804,-10.0,-2.54727840423584,6.535762310028076,-1.1135426759719849
-0.45063281059265137,0.5619780421257019,0.03875816985964775,1.5480518341064453,0.6397092938423157,0.039164647459983826,1.5057990550994873,1.6937676668167114,-0.10256004333496094,1.5192973613739014,1.4752068519592285,-0.1292847990989685,-1.8034019470214844,-3.9165139198303223,9.148157119750977,0.6461713314056396
-0.41997653245925903,0.5948366522789001,0.037516798824071884,1.5788587927818298,0.669920027256012,0.03763021528720856,1.5328131914138794,1.642930030822754,-0.0620686337351799,1.5403473377227783,1.5105353593826294,-0.07672153413295746,-2.6595664024353027,-2.9924397468566895,5.469942092895508,-3.2182369232177734
-0.3891182541847229,0.6273532509803772,0.036197956651449203,1.609840750694275,0.6994633078575134,0.03563535585999489,1.542912483215332,1.6258313655853271,-0.06594201922416687,1.5490965843200684,1.4771642684936523,-0.09974292665719986,-4.28066349029541,-2.7056379318237305,1.3909621238708496,-4.592785835266113
-0.35844850540161133,0.6598101258277893,0.034454330801963806,1.6406294107437134,0.7281021475791931,0.0332099050283432,1.5334887504577637,1.6228423118591309,-0.08718127012252808,1.5394327640533447,1.4319406747817993,-0.12127247452735901,-9.31596565246582,-9.563817024230957,-5.79307746887207,-5.601468563079834
-0.32873332500457764,0.6905074715614319,0.03348340839147568,1.6703799366950989,0.7565554976463318,0.031662337481975555,1.4857584238052368,1.534867763519287,-0.048546142876148224,1.4875248670578003,1.4226675033569336,-0.07737831026315689,-7.926140785217285,-8.877979278564453,-7.086548805236816,-6.180845737457275
-0.2999861240386963,0.7197152972221375,0.033005766570568085,1.6991164684295654,0.784650444984436,0.030879255384206772,1.43735933303833,1.460390567779541,-0.023882003501057625,1.4368259906768799,1.404747724533081,-0.039154116064310074,-6.084156513214111,-8.467337608337402,-8.095226287841797,-6.868642807006836
-0.2721613645553589,0.7475882172584534,0.03285214677453041,1.7269071340560913,0.8120856881141663,0.030470997095108032,1.3912391662597656,1.393646478652954,-0.007681069429963827,1.3895330429077148,1.3717631101608276,-0.02041294053196907,-10.0,-10.0,-5.687807559967041,-7.38364839553833
-0.24537372589111328,0.7738187909126282,0.033196549862623215,1.7536694407463074,0.8388637900352478,0.030541041865944862,1.3393828868865967,1.3115301132202148,0.017220064997673035,1.338114857673645,1.3389036655426025,0.0035022615920752287,-9.783209800720215,-10.0,-5.015585422515869,-10.0
-0.21956253051757812,0.7987496256828308,0.03352014347910881,1.7794612646102905,0.8642343878746033,0.03044423833489418,1.2905601263046265,1.2465415000915527,0.016179600730538368,1.289589762687683,1.2685285806655884,-0.004840145353227854,-9.829569816589355,-10.0,-4.180140495300293,-10.0
-0.19467806816101074,0.82241290807724,0.0337940938770771,1.8043331503868103,0.8882815837860107,0.03038446605205536,1.2442232370376587,1.1831626892089844,0.013697478920221329,1.2435952425003052,1.2023587226867676,-0.0029885699041187763,-9.150084495544434,-9.653589248657227,-4.801147937774658,-10.0
-0.17071306705474854,0.8448935747146606,0.03395633026957512,1.8282853364944458,0.9109692573547363,0.030306221917271614,1.1982508897781372,1.1240345239639282,0.008111855015158653,1.1976100206375122,1.1343835592269897,-0.00391218438744545,-10.0,-10.0,-10.0,-10.0
-0.14805668592453003,0.8660686016082764,0.03410838544368744,1.8509108424186707,0.9323614835739136,0.03028416819870472,1.1328204870224,1.0587515830993652,0.007602726109325886,1.1312752962112427,1.069610595703125,-0.0011027093278244138,-10.0,-10.0,-10.0,-10.0
-0.1267208456993103,0.8859356641769409,0.03425130248069763,1.8722219467163086,0.9524499177932739,0.030298106372356415,1.0667927265167236,0.9933527708053589,0.007145775482058525,1.065554141998291,1.004422664642334,0.0006968797533772886,-10.0,-10.0,-10.0,-9.477075576782227
-0.10670113563537598,0.9044279456138611,0.034486930817365646,1.8922139406204224,0.9713850617408752,0.03047935664653778,1.0009851455688477,0.9246131181716919,0.011781423352658749,0.9996004700660706,0.94675612449646,0.009062513709068298,-7.2551116943359375,-9.031296730041504,-9.743212699890137,-7.565737724304199
-0.08778715133666992,0.9215431213378906,0.0350077860057354,1.9110704064369202,0.9896066188812256,0.031136764213442802,0.9456986784934998,0.8557599186897278,0.026042718440294266,0.9428243637084961,0.9110779166221619,0.03287036716938019,-4.84749698638916,-8.0897216796875,-9.071820259094238,-6.5440673828125
-0.06977695226669312,0.9373689889907837,0.03585454076528549,1.9289965629577637,1.0072309970855713,0.03220203146338463,0.9005091190338135,0.7912941575050354,0.04233777895569801,0.8963088393211365,0.8812185525894165,0.05326336994767189,-3.6113674640655518,-10.0,-9.438459396362305,-6.740401744842529
-0.05259960889816284,0.9513875842094421,0.03740885108709335,1.9460395574569702,1.0244032144546509,0.03386576473712921,0.8588686585426331,0.7009283900260925,0.07771546393632889,0.852148711681366,0.8586128354072571,0.08318667113780975,-3.9085888862609863,-10.0,-2.4801759719848633,-6.897454261779785
-0.03583645820617676,0.9636769890785217,0.039577774703502655,1.9626571536064148,1.041048526763916,0.036083098500967026,0.8381587862968445,0.6144706606864929,0.10844624787569046,0.8308812379837036,0.8322659730911255,0.11086666584014893,-10.0,-10.0,-8.798617362976074,-10.0
-0.02030259370803833,0.9746359586715698,0.041756510734558105,1.9780322313308716,1.0562715530395508,0.03807329013943672,0.7766937017440796,0.5479490756988525,0.10893687605857849,0.7687531113624573,0.7611533999443054,0.0995095893740654,-6.448712348937988,-3.6497340202331543,-5.289093494415283,-9.813393592834473
-0.005588114261627197,0.9859802722930908,0.04265490174293518,1.9926750659942627,1.0694315433502197,0.03897453099489212,0.735723078250885,0.5672142505645752,0.04491960629820824,0.7321414947509766,0.658001720905304,0.0450621023774147,-9.999894142150879,-6.25831413269043,-7.400896072387695,-9.88206958770752
0.007946372032165527,0.997002124786377,0.042818233370780945,2.0062055587768555,1.080762505531311,0.039089616388082504,0.6767269372940063,0.5510913729667664,0.00816667266190052,0.676522970199585,0.5665493011474609,0.0057541849091649055,-10.0,-5.905076026916504,-8.909856796264648,-9.7386474609375
0.020206570625305176,1.0077775716781616,0.04219741001725197,2.01851749420166,1.0902963876724243,0.03845474123954773,0.6130096316337585,0.5387707352638245,-0.031041128560900688,0.6155990958213806,0.4766959547996521,-0.031743843108415604,-10.0,-9.364877700805664,-6.5076823234558105,-6.866425514221191
0.03139317035675049,1.0170283317565918,0.042040497064590454,2.0297268629074097,1.0992860794067383,0.03842177614569664,0.5593327879905701,0.46253830194473267,-0.007845638319849968,0.56047123670578,0.4494827687740326,-0.001648338045924902,-10.0,-7.761531829833984,-8.32078742980957,-9.351417541503906
0.041365981101989746,1.0254703760147095,0.04155941680073738,2.039739727973938,1.1067454814910889,0.03789481148123741,0.498638391494751,0.4221038222312927,-0.02405407652258873,0.5006443858146667,0.37297236919403076,-0.026348214596509933,-10.0,-6.564762592315674,-9.130537033081055,-10.0
0.05005192756652832,1.0335181951522827,0.04037916287779808,2.048518657684326,1.1124070882797241,0.03664825111627579,0.43429943919181824,0.40239110589027405,-0.05901264026761055,0.4389491081237793,0.28308138251304626,-0.06232796236872673,-9.960368156433105,-5.73870849609375,-9.640660285949707,-10.0
0.05741453170776367,1.0413928031921387,0.038334768265485764,2.056036949157715,1.116186261177063,0.0345722921192646,0.3681306838989258,0.3937299847602844,-0.10221970081329346,0.3759145438671112,0.18895655870437622,-0.10379797965288162,-10.0,-1.3108923435211182,-9.140610694885254,-10.0
0.06345212459564209,1.0502880811691284,0.03451896831393242,2.062353730201721,1.117513656616211,0.030842628329992294,0.30187711119651794,0.4447627663612366,-0.19078995287418365,0.3158418834209442,0.06636834889650345,-0.18648317456245422,-10.0,-2.631640672683716,-7.773134231567383,-10.0
0.06828093528747559,1.059836506843567,0.029221856966614723,2.0675368309020996,1.1164968013763428,0.025577135384082794,0.24143780767917633,0.47741955518722534,-0.26485559344291687,0.25915440917015076,-0.050841789692640305,-0.2632746398448944,-8.469279289245605,-3.479088068008423,-6.1251983642578125,-7.314143180847168
0.07215642929077148,1.0694772005081177,0.023126883432269096,2.0717474222183228,1.1140522956848145,0.019686248153448105,0.19377528131008148,0.48203176259994507,-0.3047487139701843,0.21052710711956024,-0.12222415953874588,-0.29454436898231506,-7.50731086730957,-2.2198915481567383,-4.898353099822998,-3.985395908355713
0.07524609565734863,1.0791068077087402,0.016637131571769714,2.0751079320907593,1.1109282970428467,0.013653949834406376,0.15448099374771118,0.4814792573451996,-0.3244875967502594,0.16802357137203217,-0.1562013328075409,-0.301614910364151,-6.062586307525635,-5.867639541625977,-5.835577487945557,-5.120062828063965
0.0776059627532959,1.0878314971923828,0.010333084501326084,2.0776360034942627,1.1071239709854126,0.007531089708209038,0.11799226701259613,0.4362334907054901,-0.31520235538482666,0.12640559673309326,-0.1902182549238205,-0.30614301562309265,-4.919647216796875,-7.264321804046631,-5.590084075927734,-5.75781774520874
0.07931959629058838,1.0953800678253174,0.004347002599388361,2.079428195953369,1.1027060747146606,0.0015771938487887383,0.08568033576011658,0.3774269223213196,-0.2993040978908539,0.08960995078086853,-0.22089338302612305,-0.2976948022842407,-1.0375144481658936,-10.0,-8.447538375854492,-10.0
0.08045947551727295,1.1015578508377075,-0.0015877274563536048,2.080545425415039,1.0968115329742432,-0.004751729778945446,0.056991096585989,0.3088896870613098,-0.2967365086078644,0.05586323142051697,-0.29472753405570984,-0.3164461851119995,-2.881845474243164,-10.0,-8.877798080444336,-10.0
0.08085286617279053,1.1064313650131226,-0.007537050638347864,2.0808578729629517,1.089617371559143,-0.011034667491912842,0.01967153511941433,0.24367335438728333,-0.2974661588668823,0.015622238628566265,-0.3597078025341034,-0.31414687633514404,-6.61303186416626,-10.0,-8.139690399169922,-8.141812324523926
0.08029580116271973,1.1097686290740967,-0.013143460266292095,2.0801775455474854,1.0816820859909058,-0.01675034500658512,-0.027855949476361275,0.16686324775218964,-0.2803204655647278,-0.03401771932840347,-0.3967623710632324,-0.28578388690948486,-7.104857444763184,-10.0,-5.354013919830322,-4.840493202209473
0.07892978191375732,1.111126184463501,-0.0177446361631155,2.0786688327789307,1.0739225149154663,-0.021159471943974495,-0.06830374896526337,0.06787604838609695,-0.23005881905555725,-0.07543466240167618,-0.38797664642333984,-0.2204563170671463,-7.313356399536133,-8.80435562133789,-2.9880077838897705,-2.352695941925049
0.07687854766845703,1.1104660034179688,-0.021062782034277916,2.0764936208724976,1.0668129920959473,-0.024081729352474213,-0.10256034880876541,-0.03300781548023224,-0.16590730845928192,-0.10875935852527618,-0.355476438999176,-0.14611287415027618,-7.231638431549072,-7.406429767608643,-1.1426485776901245,-0.607551097869873
0.07425451278686523,1.1079026460647583,-0.023006223142147064,2.0737926959991455,1.0605993270874023,-0.025532681494951248,-0.1312023401260376,-0.12816773355007172,-0.09717203676700592,-0.13504445552825928,-0.31068307161331177,-0.07254759967327118,-10.0,0.2235250473022461,-2.8532185554504395,-2.255469560623169
0.07079613208770752,1.105669617652893,-0.025426030158996582,2.070232629776001,1.0537612438201904,-0.027512921020388603,-0.17291615903377533,-0.11164864897727966,-0.12099038809537888,-0.17800043523311615,-0.34190666675567627,-0.09901200234889984,-10.0,0.47662782669067383,-0.8859370946884155,-0.6160402297973633
0.06662845611572266,1.1036015748977661,-0.028016209602355957,2.065949320793152,1.0467551946640015,-0.029632732272148132,-0.20838244259357452,-0.10340005904436111,-0.12950894236564636,-0.21416527032852173,-0.3503044843673706,-0.10599060356616974,-8.527535438537598,0.6901884078979492,0.037344932556152344,0.34379106760025024
0.06191110610961914,1.1016192436218262,-0.030622506514191628,2.0610982179641724,1.0397886037826538,-0.031790778040885925,-0.2358652949333191,-0.09911878407001495,-0.1303148865699768,-0.24255812168121338,-0.34833019971847534,-0.10790219902992249,-7.022160530090332,0.8052978515625,0.2015770673751831,0.8024898171424866
0.05675017833709717,1.0996931791305542,-0.03317849338054657,2.0557926893234253,1.0329557657241821,-0.033941980451345444,-0.25804564356803894,-0.09630613029003143,-0.1277993768453598,-0.2652759552001953,-0.3416420817375183,-0.10756004601716995,-5.518300533294678,0.7908516526222229,-0.14503538608551025,0.9131511449813843
0.051222801208496094,1.097812294960022,-0.03566732630133629,2.050107717514038,1.0262759923934937,-0.0360783152282238,-0.27636775374412537,-0.09404261410236359,-0.12444156408309937,-0.2842464745044708,-0.33399149775505066,-0.10681665688753128,-4.054243087768555,0.6383138298988342,-0.7932499051094055,0.8031492233276367
0.04538702964782715,1.0959593057632446,-0.03808928281068802,2.044092059135437,1.019715428352356,-0.03823312371969223,-0.2917898893356323,-0.09264864027500153,-0.1210978701710701,-0.3007841408252716,-0.3280262053012848,-0.10774046927690506,-2.668148994445801,0.3565741777420044,-1.5732040405273438,0.5747429728507996
0.03928351402282715,1.0941020250320435,-0.040446098893880844,2.037783980369568,1.0132272243499756,-0.04043206945061684,-0.3051770031452179,-0.09286190569400787,-0.11784084886312485,-0.3154030442237854,-0.3244105875492096,-0.10994724184274673,-1.3949872255325317,-0.032903850078582764,-2.3532400131225586,0.3064659833908081
0.03294229507446289,1.0921891927719116,-0.042729705572128296,2.0312180519104004,1.0067765712738037,-0.04266602545976639,-0.3170595169067383,-0.09564092010259628,-0.11418028920888901,-0.3282967209815979,-0.32253408432006836,-0.11169784516096115,-0.26434755325317383,-0.5004923343658447,-3.037438154220581,0.05515649914741516
0.02638876438140869,1.0901484489440918,-0.04491487517952919,2.0244277715682983,1.0003505945205688,-0.04489067569375038,-0.32767409086227417,-0.10203671455383301,-0.1092584878206253,-0.33951637148857117,-0.32129761576652527,-0.11123254150152206,1.716052532196045,-4.7089643478393555,-4.238630294799805,10.0
0.019562482833862305,1.0857031345367432,-0.04431619867682457,2.0176061391830444,0.997657299041748,-0.04306778684258461,-0.3413121700286865,-0.2222648411989212,0.029933832585811615,-0.34107956290245056,-0.1346634179353714,0.09114446491003036,3.660813331604004,-3.768364906311035,-2.2038915157318115,7.664145469665527
0.012708902359008789,1.0792020559310913,-0.04142199084162712,2.0109848976135254,0.9971619844436646,-0.03969225287437439,-0.34267908334732056,-0.3250539004802704,0.14471043646335602,-0.33106303215026855,-0.024766474962234497,0.168776735663414,5.130131244659424,-2.729348659515381,-0.5333349704742432,5.019536972045898
0.006094694137573242,1.071293592453003,-0.036978829652071,2.0047168731689453,0.9981236457824707,-0.03527252748608589,-0.3307105600833893,-0.3954256772994995,0.2221580296754837,-0.31340140104293823,0.04808409512042999,0.2209862470626831,6.1352434158325195,-1.7337679862976074,0.7863028049468994,2.530726671218872
-7.522106170654297e-05,1.062601089477539,-0.03170346841216087,1.9989120364189148,0.9998732209205627,-0.03022284433245659,-0.3084951341152191,-0.43462491035461426,0.2637680172920227,-0.290242075920105,0.08747926354408264,0.25248420238494873,6.70707368850708,-0.8764044642448425,1.7790794372558594,0.3919868469238281
-0.005664527416229248,1.053641438484192,-0.026195770129561424,1.9936437010765076,1.0017714500427246,-0.02505023591220379,-0.27946630120277405,-0.44798389077186584,0.27538493275642395,-0.2634165287017822,0.09491138160228729,0.2586304247379303,6.891350269317627,-0.21157383918762207,2.47731351852417,-1.2755250930786133
-0.010598480701446533,1.0448106527328491,-0.020917190238833427,1.9889549016952515,1.0033047199249268,-0.02018720842897892,-0.2466970831155777,-0.44154152274131775,0.26392900943756104,-0.23444072902202606,0.07666119188070297,0.24315138161182404,6.7438554763793945,0.23988893628120422,2.9190237522125244,-2.4135468006134033
-0.01485520601272583,1.0363740921020508,-0.01617821492254734,1.984863042831421,1.004113793373108,-0.015950756147503853,-0.21283678710460663,-0.4218253791332245,0.23694880306720734,-0.2045927196741104,0.040453262627124786,0.21182258427143097,6.326020240783691,0.48360681533813477,3.1454780101776123,-3.0156984329223633
-0.018455684185028076,1.0284779071807861,-0.012147240340709686,1.9813644886016846,1.0040311813354492,-0.012457837350666523,-0.1800239086151123,-0.39480748772621155,0.2015487104654312,-0.17492634057998657,-0.004130452871322632,0.17464593052864075,5.701011657714844,0.5467501282691956,3.1989612579345703,-3.116292953491211
-0.021448910236358643,1.0211622714996338,-0.008864263072609901,1.9784334897994995,1.003075122833252,-0.009621896781027317,-0.1496627777814865,-0.3657832145690918,0.16414885222911835,-0.1465509831905365,-0.04780278354883194,0.1417970359325409,2.0831503868103027,-5.899480819702148,-2.1006274223327637,3.646287441253662
-0.02444392442703247,1.0118694305419922,-0.003723797155544162,1.9755077362060547,1.00418221950531,-0.004162795841693878,-0.1497519612312317,-0.46464240550994873,0.25702330470085144,-0.1462891548871994,0.055357616394758224,0.272955060005188,3.523923873901367,-4.306127548217773,-2.1823267936706543,2.415945053100586
-0.02732032537460327,1.0011098384857178,0.0027515916153788567,1.9726386070251465,1.0064936876296997,0.002604152075946331,-0.14382077753543854,-0.5379825830459595,0.3237694501876831,-0.1434575468301773,0.11557327955961227,0.3383474051952362,4.306187152862549,-2.5754666328430176,-1.6069042682647705,1.436489224433899
-0.029972612857818604,0.9894582033157349,0.01003577746450901,1.9698991179466248,1.0094878673553467,0.010061348788440228,-0.1326134353876114,-0.5825815200805664,0.36420929431915283,-0.13697399199008942,0.14970748126506805,0.3728598654270172,4.485986709594727,-0.8703248500823975,-0.6904221773147583,0.7169552445411682
-0.03232091665267944,0.9774622321128845,0.017647892236709595,1.9673547148704529,1.0127650499343872,0.017764339223504066,-0.11741387099027634,-0.5997980833053589,0.3806057274341583,-0.12722033262252808,0.163860023021698,0.3851495087146759,4.148897171020508,0.6914633512496948,0.32616913318634033,0.2503853440284729
-0.03432208299636841,0.9656025767326355,0.025182217359542847,1.9650522470474243,1.0160139799118042,0.025357456877827644,-0.10005924105644226,-0.5929826498031616,0.3767162263393402,-0.11512373387813568,0.16244468092918396,0.3796559274196625,-3.6405344009399414,3.1751365661621094,-4.52324104309082,-8.06234073638916
-0.03686714172363281,0.9555469155311584,0.030570723116397858,1.9622321128845215,1.0162631273269653,0.02970046177506447,-0.1272537261247635,-0.5027826428413391,0.26942533254623413,-0.1410064697265625,0.012459819205105305,0.2171502709388733,-1.370499610900879,2.8869094848632812,-4.425830841064453,-4.987880229949951
-0.03980684280395508,0.9469777941703796,0.03434757888317108,1.9590385556221008,1.0150507688522339,0.03303532302379608,-0.14698486030101776,-0.42845532298088074,0.18884271383285522,-0.15967722237110138,-0.06061572581529617,0.16674306988716125,0.3010599613189697,2.808131456375122,-3.581066846847534,-2.623215436935425
-0.04298979043960571,0.9395405650138855,0.03701602667570114,1.9556481838226318,1.0130001306533813,0.035800300538539886,-0.15914705395698547,-0.37186169624328613,0.13342246413230896,-0.16951873898506165,-0.10253404825925827,0.13824883103370667,1.4262728691101074,2.916574716567993,-2.394435405731201,-0.8500924110412598
-0.04625892639160156,0.9329872131347656,0.03893963247537613,1.9522122144699097,1.0104358196258545,0.038016676902770996,-0.16345612704753876,-0.3276689648628235,0.09618031978607178,-0.1717970371246338,-0.12821568548679352,0.1108187660574913,2.0767879486083984,3.177999496459961,-1.168973684310913,0.4403727054595947
-0.04948711395263672,0.9272083044052124,0.040327273309230804,1.9488518834114075,1.0076310634613037,0.039812006056308746,-0.16141057014465332,-0.2889467477798462,0.06938198953866959,-0.16801582276821136,-0.1402388960123062,0.0897664949297905,2.336491823196411,3.550935983657837,-0.1155252456665039,1.3465237617492676
-0.05258738994598389,0.9221852421760559,0.041280947625637054,1.9456533789634705,1.0047656297683716,0.04127376899123192,-0.15501323342323303,-0.2511526942253113,0.04768365994095802,-0.15992438793182373,-0.14327308535575867,0.07308822870254517,-5.523430824279785,8.207698822021484,-4.145590305328369,7.234848976135254
-0.05635523796081543,0.9185141921043396,0.04189643636345863,1.9418261051177979,1.0031194686889648,0.0434730239212513,-0.18839240074157715,-0.1835513710975647,0.030774347484111786,-0.19136303663253784,-0.08230631798505783,0.10996279120445251,-2.2674999237060547,7.3142499923706055,3.812000036239624,4.806866645812988
-0.060043513774871826,0.9160431623458862,0.04211679473519325,1.9381476044654846,1.0012532472610474,0.04404276981949806,-0.1844145953655243,-0.12355194240808487,0.011017981916666031,-0.1839238554239273,-0.0933140367269516,0.0284873154014349,0.6057703495025635,7.493912696838379,4.425384998321533,3.9280614852905273
-0.0634196400642395,0.9150387644767761,0.04161769524216652,1.9348266124725342,0.9992786645889282,0.043600574135780334,-0.1688058078289032,-0.050218623131513596,-0.0249549001455307,-0.16604919731616974,-0.0987291932106018,-0.022109711542725563,4.992793083190918,7.733036041259766,3.860797643661499,8.296504974365234
-0.06619662046432495,0.9150050282478333,0.04120812937617302,1.9320656657218933,0.9986026883125305,0.04356401786208153,-0.13884827494621277,-0.001687773852609098,-0.020478345453739166,-0.1380469799041748,-0.0337989516556263,-0.0018278845818713307,4.004338264465332,6.878546237945557,4.238706588745117,5.852361679077148
-0.06844222545623779,0.9159851670265198,0.0406205877661705,1.929865539073944,0.9984486103057861,0.043067123740911484,-0.11228135228157043,0.049007806926965714,-0.029377009719610214,-0.1100054457783699,-0.007704088930040598,-0.02484472282230854,3.0614376068115234,6.0102858543396,4.631392002105713,4.093816757202148
-0.07019913196563721,0.9180049896240234,0.039656467735767365,1.9281947612762451,0.9984853863716125,0.041992828249931335,-0.08784466981887817,0.10099193453788757,-0.04820604622364044,-0.08353766798973083,0.0018397564999759197,-0.05371483415365219,2.225890636444092,5.101690292358398,4.973169326782227,2.8212599754333496
-0.07150131464004517,0.9210129976272583,0.03822473809123039,1.9270203113555908,0.9985222220420837,0.04034007713198662,-0.06511054933071136,0.1504017412662506,-0.07158656418323517,-0.05872276425361633,0.0018404971342533827,-0.0826374739408493,1.5370824337005615,4.14914608001709,5.222416877746582,1.8749667406082153
-0.0723753571510315,0.9248958230018616,0.03631455823779106,1.9263092279434204,0.9984508156776428,0.038155049085617065,-0.04370179772377014,0.1941416710615158,-0.09550904482603073,-0.03555280342698097,-0.003570749657228589,-0.10925143957138062,-0.559673547744751,5.61721134185791,4.1114091873168945,-1.610480546951294
-0.07306516170501709,0.9305064082145691,0.032933883368968964,1.925885796546936,0.997093677520752,0.03432796522974968,-0.034490250051021576,0.28052911162376404,-0.16903376579284668,-0.02117050252854824,-0.06785557419061661,-0.19135414063930511,-1.9511244297027588,3.579890727996826,2.2875847816467285,0.19105494022369385
-0.07374352216720581,0.9370948076248169,0.028828663751482964,1.9254905581474304,0.9953595399856567,0.029984815046191216,-0.033916834741830826,0.3294204771518707,-0.2052609771490097,-0.019762102514505386,-0.0867060124874115,-0.2171575427055359,-2.318425416946411,2.3766775131225586,1.0355802774429321,1.0714149475097656
-0.0744943618774414,0.9442078471183777,0.024429289624094963,1.9249958395957947,0.9936285614967346,0.025494813919067383,-0.037543218582868576,0.3556514084339142,-0.21996869146823883,-0.024736305698752403,-0.08654956519603729,-0.22450004518032074,-1.9839354753494263,1.7358695268630981,0.24666577577590942,1.2996761798858643
-0.07533770799636841,0.9516252875328064,0.019927192479372025,1.9243637919425964,0.9920188784599304,0.020953871309757233,-0.042168714106082916,0.3708709180355072,-0.22510482370853424,-0.031602371484041214,-0.08048466593027115,-0.22704710066318512,-1.2238174676895142,1.4383924007415771,-0.17749854922294617,1.1017205715179443
-0.07624977827072144,0.9592807292938232,0.015354495495557785,1.9236158728599548,0.9904994368553162,0.016329757869243622,-0.04560457542538643,0.38277339935302734,-0.22863484919071198,-0.03739555925130844,-0.07597355544567108,-0.23120570182800293,-0.2661428451538086,1.314530372619629,-0.32388126850128174,0.6608216166496277
-0.0771782398223877,0.9671933054924011,0.010654053650796413,1.922806739807129,0.9889634847640991,0.011538770981132984,-0.04642201215028763,0.3956291973590851,-0.23502211272716522,-0.040456585586071014,-0.0767989531159401,-0.23954936861991882,0.7088063955307007,1.2395058870315552,-0.26753929257392883,0.11965090036392212
-0.07805532217025757,0.9754130840301514,0.0057349116541445255,1.9220042824745178,0.9872763156890869,0.006483173463493586,-0.043852753937244415,0.41099005937576294,-0.24595710635185242,-0.04012317955493927,-0.08435714989900589,-0.25277987122535706,1.660443902015686,-0.5582289695739746,4.224277496337891,0.24599319696426392
-0.07853418588638306,0.9834485054016113,0.0009834234369918704,1.9215781092643738,0.9857155680656433,0.0015614365693181753,-0.02394355647265911,0.401769757270813,-0.23757441341876984,-0.02130892314016819,-0.07803864777088165,-0.24608685076236725,1.6704630851745605,-0.29403841495513916,3.871950387954712,1.1477859020233154
-0.07862240076065063,0.9912724494934082,-0.003500641556456685,1.9214902520179749,0.9845640659332275,-0.0029220900032669306,-0.004410899244248867,0.3911969065666199,-0.22420325875282288,-0.004392486531287432,-0.05757397413253784,-0.2241763323545456,1.7071919441223145,-0.4709106683731079,4.2060017585754395,1.5504294633865356
-0.07830244302749634,0.9987692832946777,-0.0075857206247746944,1.9217730164527893,0.9839190244674683,-0.006932366639375687,0.01599932834506035,0.37484103441238403,-0.20425395667552948,0.014139704406261444,-0.03225236386060715,-0.2005138397216797,1.0951695442199707,-1.1821370124816895,4.554911136627197,0.6567275524139404
-0.07759928703308105,1.0058395862579346,-0.011279716156423092,1.9224165081977844,0.9835531115531921,-0.010707903653383255,0.03515652194619179,0.35351642966270447,-0.18469980359077454,0.03217402473092079,-0.018296759575605392,-0.18877683579921722,-0.19017601013183594,-1.271454095840454,7.126558780670166,-0.1594001054763794
-0.076443612575531,1.0125645399093628,-0.014724883250892162,1.9235200881958008,0.9832878708839417,-0.01434714812785387,0.05778360739350319,0.33624640107154846,-0.17225834727287292,0.05517911538481712,-0.013263211585581303,-0.18196223676204681,-1.2573453187942505,-1.766518235206604,8.09775161743164,-1.0012807846069336
-0.07483410835266113,1.0189130306243896,-0.017976658418774605,1.925069272518158,0.9829768538475037,-0.017908276990056038,0.08047620952129364,0.31742528080940247,-0.1625887155532837,0.0774579867720604,-0.015551254153251648,-0.17805643379688263,-3.0237014293670654,-1.8428618907928467,10.0,1.7501394748687744
-0.07277816534042358,1.024538516998291,-0.020506680011749268,1.927093744277954,0.9835947751998901,-0.020311420783400536,0.10279717296361923,0.2812735438346863,-0.12650108337402344,0.10122236609458923,0.03089483454823494,-0.12015719711780548,2.695401668548584,-2.8539469242095947,10.0,4.2314934730529785
-0.06987470388412476,1.0288417339324951,-0.02161789871752262,1.9299464225769043,0.9858847856521606,-0.020958861336112022,0.1451740711927414,0.21515972912311554,-0.05556092783808708,0.14263363182544708,0.11450134217739105,-0.03237206116318703,0.8190100193023682,-2.7043049335479736,10.0,1.7623381614685059
-0.06628257036209106,1.0321049690246582,-0.021758316084742546,1.9335313439369202,0.9888898730278015,-0.02103731594979763,0.17960788309574127,0.16316097974777222,-0.007020875345915556,0.17924468219280243,0.1502533107995987,-0.003922705072909594,1.2119864225387573,1.8319389820098877,10.0,-7.901298522949219
-0.06191176176071167,1.0367674827575684,-0.023724546656012535,1.937803864479065,0.9891663193702698,-0.02400156669318676,0.2185407131910324,0.23312592506408691,-0.09831155836582184,0.2136266827583313,0.013822793029248714,-0.14821258187294006,1.6279155015945435,4.0165605545043945,10.0,-7.191065788269043
-0.056722283363342285,1.0434436798095703,-0.027917681261897087,1.9427881240844727,0.9870787858963013,-0.029057230800390244,0.25947436690330505,0.3338097929954529,-0.2096567302942276,0.24921415746212006,-0.10437781363725662,-0.2527831792831421,1.2327396869659424,0.394589900970459,9.723899841308594,-4.120323181152344
-0.05075180530548096,1.0507971048355103,-0.03301083669066429,1.9484398365020752,0.9841600656509399,-0.03433926776051521,0.29852402210235596,0.3676733672618866,-0.25465771555900574,0.2825861871242523,-0.145936980843544,-0.26410189270973206,0.8672054409980774,-2.159058094024658,8.564692497253418,-1.8793089389801025
-0.04413241147994995,1.057803988456726,-0.03801634535193443,1.9546887278556824,0.9811922907829285,-0.039260998368263245,0.3309699296951294,0.350345253944397,-0.2502754330635071,0.31244415044784546,-0.14838944375514984,-0.2460864931344986,0.47654762864112854,-3.815774917602539,7.207004547119141,-0.39755821228027344
-0.03700953722000122,1.0638043880462646,-0.04229008033871651,1.961448609828949,0.9787168502807617,-0.04336915910243988,0.3561445474624634,0.3000211715698242,-0.21368670463562012,0.33799511194229126,-0.12377078831195831,-0.205407977104187,5.2780070304870605,-2.4951181411743164,-0.08500337600708008,3.1835391521453857
-0.029539644718170166,1.0687984228134155,-0.04551304504275322,1.9685541987419128,0.9775097370147705,-0.0460837297141552,0.3734939694404602,0.24969998002052307,-0.16114816069602966,0.35527995228767395,-0.06035562977194786,-0.13572844862937927,4.286635398864746,-1.979513168334961,-1.3931055068969727,3.267298460006714
-0.02191859483718872,1.0728836059570312,-0.04774102568626404,1.9758923649787903,0.9773992896080017,-0.047766659408807755,0.38105204701423645,0.20425774157047272,-0.11139911413192749,0.3669096529483795,-0.005520936101675034,-0.08414657413959503,4.098586559295654,-3.250916004180908,-9.80119800567627,4.014082431793213
-0.014701664447784424,1.0756876468658447,-0.04863463342189789,1.9828830361366272,0.9786362051963806,-0.04818372055888176,0.3608452379703522,0.14020460844039917,-0.04468043893575668,0.34953296184539795,0.06184498593211174,-0.0208530705422163,2.571445941925049,-2.6688759326934814,-5.792479991912842,1.7624096870422363
-0.007781922817230225,1.0775871276855469,-0.04868927597999573,1.9897372722625732,0.9804617166519165,-0.04815559461712837,0.3459857702255249,0.09497115761041641,-0.0027321309316903353,0.34271159768104553,0.09127537906169891,0.0014063455164432526,-2.5022034645080566,0.6414799690246582,-5.627333641052246,3.3939461708068848
-0.0014524459838867188,1.0792702436447144,-0.04826689139008522,1.9961174726486206,0.983172595500946,-0.04737488925457001,0.3164733350276947,0.08415839821100235,0.021119313314557076,0.319010466337204,0.13554541766643524,0.03903532773256302,-2.985894203186035,0.026880741119384766,0.6227338314056396,-2.6040425300598145
0.004713535308837891,1.0811817646026611,-0.048247694969177246,2.0023305416107178,0.9849078059196472,-0.047814175486564636,0.30829983949661255,0.0955747589468956,0.000959837983828038,0.3106520175933838,0.08675947040319443,-0.02196436934173107,-4.775763511657715,-0.39162445068359375,-0.48267412185668945,-1.503127932548523
0.010543227195739746,1.083154559135437,-0.04841278865933418,2.008188486099243,0.9863590598106384,-0.048383891582489014,0.29148566722869873,0.09863964468240738,-0.008254670538008213,0.29289713501930237,0.07256139814853668,-0.028485825285315514,-6.770666122436523,-2.849445343017578,-5.154790878295898,-2.2735352516174316
0.01559758186340332,1.0846314430236816,-0.04841369390487671,2.013246178627014,0.9875332117080688,-0.04898599535226822,0.25271549820899963,0.07384661585092545,-4.5333130401559174e-05,0.2528843283653259,0.05870768055319786,-0.03010515496134758,-5.971260070800781,-3.349637031555176,-3.6411781311035156,-2.300511121749878
0.020008563995361328,1.0855194330215454,-0.0481981486082077,2.017683982849121,0.9886149168014526,-0.049245771020650864,0.22055017948150635,0.04440182447433472,0.010777308605611324,0.22189292311668396,0.054085537791252136,-0.012988805770874023,-7.07255744934082,-1.8456426858901978,-3.3063786029815674,-1.9798283576965332
0.023737072944641113,1.086187720298767,-0.04801780357956886,2.021445393562317,0.9895788431167603,-0.04920756816864014,0.18642814457416534,0.03341615945100784,0.009017236530780792,0.18807075917720795,0.048197198659181595,0.0019101389916613698,-6.826334476470947,-2.6433677673339844,-1.426872968673706,-2.9565398693084717
0.02692103385925293,1.0864951610565186,-0.04784330725669861,2.0246639251708984,0.990157425403595,-0.04919271916151047,0.15919920802116394,0.01536906510591507,0.008724888786673546,0.16092544794082642,0.028927698731422424,0.0007424724753946066,-6.490046501159668,-3.108567714691162,-0.10654056072235107,-3.5881240367889404
0.02967393398284912,1.0863971710205078,-0.04770449548959732,2.027444839477539,0.9902636408805847,-0.04920476675033569,0.13764439523220062,-0.00489830644801259,0.006940621417015791,0.13904732465744019,0.005311962217092514,-0.0006024175090715289,-6.002631187438965,-3.276470422744751,0.705919623374939,-3.797693967819214
0.03208303451538086,1.0858793258666992,-0.04761159420013428,2.0298731327056885,0.9898839592933655,-0.049210719764232635,0.12045525014400482,-0.0258931927382946,0.0046450854279100895,0.12141650170087814,-0.01898299530148506,-0.0002976560208480805,2.476379871368408,-0.019458293914794922,1.1699764728546143,-6.660946369171143
0.034816622734069824,1.0862531661987305,-0.0488605797290802,2.032453775405884,0.9876846671104431,-0.050654832273721695,0.13667947053909302,0.018693041056394577,-0.062449194490909576,0.12903441488742828,-0.10996589809656143,-0.07220569252967834,0.6018037796020508,-1.465180516242981,-0.21337485313415527,-4.123513698577881
0.03760039806365967,1.0868220329284668,-0.05066584795713425,2.035040497779846,0.9846683144569397,-0.052426837384700775,0.13918587565422058,0.02844347059726715,-0.09026334434747696,0.1293371617794037,-0.15081746876239777,-0.0886002704501152,-0.5954282283782959,-2.029691696166992,-1.5856728553771973,-1.8799376487731934
0.04024231433868408,1.0871316194534302,-0.052465733140707016,2.03748619556427,0.9814791083335876,-0.054027680307626724,0.13209658861160278,0.015478195622563362,-0.08999423682689667,0.1222827136516571,-0.1594611555337906,-0.08004217594861984,-1.225560188293457,-1.98601233959198,-2.782754898071289,0.022526264190673828
0.04260385036468506,1.0869390964508057,-0.053890641778707504,2.0396878719329834,0.9785873889923096,-0.0551452673971653,0.11807841807603836,-0.009627840481698513,-0.07124540209770203,0.11008094251155853,-0.14458464086055756,-0.05587941035628319,3.296780586242676,0.5381015539169312,0.7091271877288818,-7.335433006286621
0.04531371593475342,1.0878233909606934,-0.05685621500015259,2.042048931121826,0.9733738899230957,-0.05850399658083916,0.13549219071865082,0.044213104993104935,-0.14827874302864075,0.11805500835180283,-0.26067453622817993,-0.16793648898601532,1.3356993198394775,0.5036300420761108,1.640399694442749,3.276455879211426
0.04819595813751221,1.0885157585144043,-0.05936545878648758,2.044659376144409,0.9693710803985596,-0.06036284565925598,0.14410917460918427,0.034620627760887146,-0.125462144613266,0.13051994144916534,-0.20014044642448425,-0.09294239431619644,5.599707126617432,-3.5313756465911865,1.0406372547149658,0.9597827196121216
0.051485657691955566,1.088148593902588,-0.06097855791449547,2.0477278232574463,0.9659093022346497,-0.06168559566140175,0.16448602080345154,-0.01835770532488823,-0.08065491914749146,0.15342476963996887,-0.17308813333511353,-0.06613747775554657,-1.5647969245910645,1.5242805480957031,-0.020027756690979004,7.642914772033691
0.0545802116394043,1.0872631072998047,-0.06146816164255142,2.0508135557174683,0.964657723903656,-0.06091414391994476,0.15472574532032013,-0.04427627846598625,-0.02448020875453949,0.15428493916988373,-0.06257793307304382,0.03857255354523659,-9.061790466308594,-8.202754974365234,-0.7121121883392334,3.754955530166626
0.05684387683868408,1.0834590196609497,-0.05930468812584877,2.053409695625305,0.9652109146118164,-0.05854758992791176,0.11318059265613556,-0.190202534198761,0.10817369818687439,0.12980619072914124,0.027658777311444283,0.11832763999700546,-9.128119468688965,-5.418286323547363,-1.2012896537780762,1.1493184566497803
